id,bank,account_number
1,"zenith bank",1297452835
2,"zenith bank",8745379263
3,"zenith bank",7562740256
4,"zenith bank",5638209456
5,"zenith bank",5789234510
6,"zenith bank",5683219456
7,"zenith bank",9563420127
8,"zenith bank",5638193452
9,"zenith bank",8452814795
10,"zenith bank",5638941286
