id,employee_id,department,salary
1,1201,it,45000.467
2,1202,hr,30000.978
3,1203,operation,25000.120
4,1204,"customer care",20000.967
5,1205,it,45000.467
6,1206,hr,30000.970
7,1207,it,45000.467
8,1208,operation,25000.123
9,1209,operation,25000.123
10,1210,it,45000.467
